,id,track_name,size_bytes,currency,price,rating_count_tot,rating_count_ver,user_rating,user_rating_ver,ver,cont_rating,prime_genre,sup_devices.num,ipadSc_urls.num,lang.num,vpp_lic
17,284882215,Facebook,389879808,USD,0,2974676,212,3.5,3.5,95,4+,Social Networking,37,1,29,1
591,389801252,Instagram,113954816,USD,0,2161558,1289,4.5,4,10.23,12+,Photo & Video,37,0,29,1
863,429047995,Pinterest,74778624,USD,0,1061624,1814,4.5,4,6.26,12+,Social Networking,37,5,27,1
104,304878510,Skype for iPhone,133238784,USD,0,373519,127,3.5,4,6.35.1,4+,Social Networking,37,0,32,1
1041,454638411,Messenger,275729408,USD,0,351466,892,3,3,119,4+,Social Networking,37,1,33,1
105,305343404,Tumblr,151573504,USD,0,334293,919,4,4,8.6,17+,Social Networking,37,5,16,1
997,447188370,Snapchat,203038720,USD,0,323905,576,2.5,3,10.9.2.0,12+,Photo & Video,37,0,22,1
140,310633997,WhatsApp Messenger,135044096,USD,0,287589,73088,4.5,4.5,2.17.22,4+,Social Networking,12,0,35,1
1660,544007664,YouTube,124673024,USD,0,278166,0,2.5,0,12.21,17+,Photo & Video,37,4,34,1
375,357218860,Kik,151864320,USD,0,260965,228,4,3,11.21.0,12+,Social Networking,37,0,14,0
860,428845974,ooVoo,113510400,USD,0,177501,1014,4.5,4.5,3.1.6,4+,Social Networking,37,5,21,1
161,314716233,TextNow,130637824,USD,0,164963,69,3.5,4,8.5.1,4+,Social Networking,37,5,3,1
544,382617920,Viber Messenger,129657856,USD,0,164249,206,4.5,4.5,6.9.0,4+,Social Networking,37,5,32,1
2984,835599320,musical.ly,173910016,USD,0,105429,0,4.5,0,5.7.3,12+,Photo & Video,37,0,21,1
471,372648912,MeetMe,133956608,USD,0,97072,143,4,3.5,12.1.1.0,17+,Social Networking,37,0,18,1
1632,539124565,We Heart It,79953920,USD,0,90414,44,5,4,8.3.0,12+,Social Networking,37,5,31,1
2033,592447445,Vine Camera,51642368,USD,0,90355,150,3.5,1.5,6.0.2,4+,Photo & Video,37,0,25,1
1449,512727332,Flipagram,84792320,USD,0,79905,324,4.5,4.5,8.19.2,12+,Photo & Video,37,5,36,1
470,372513032,"Tango - Free Video Call, Voice and Chat",134848512,USD,0,75412,66,4.5,4.5,4.1.219400,17+,Social Networking,37,5,18,1
34,288429040,LinkedIn,273844224,USD,0,71856,62,3.5,4.5,9.1.32,4+,Social Networking,37,2,23,1
107,305939712,Match?,101259264,USD,0,60659,57,3,2.5,17.05.01,17+,Social Networking,37,5,10,1
954,442012681,Skype for iPad,129096704,USD,0,60163,104,4,4.5,6.35.1,4+,Social Networking,24,5,32,1
588,389638243,POF,59248640,USD,0,52642,16,3.5,3.5,5.9,17+,Social Networking,37,5,31,1
3818,940508574,Color Pop Effects - Photo Editor & Picture Editing,78735360,USD,0,45320,7896,4.5,4.5,5.3,4+,Photo & Video,37,3,1,1
552,384830320,"Find My Family, Friends & iPhone - Life360 Locator",154507264,USD,0,43877,80,4.5,4.5,13.7.1,4+,Social Networking,37,0,13,1
1655,543577420,Photo Grid - photo collage maker & photo editor,112073728,USD,0,40531,10,4.5,4.5,6.1.80,4+,Photo & Video,37,5,22,1
1414,506141837,"Whisper - Share, Express, Meet",98764800,USD,0,39819,58,4,3,8.6.1,17+,Social Networking,37,0,6,1
119,307354030,iSwap Faces LITE,30796800,USD,0,39722,0,3,0,5.1,4+,Photo & Video,37,5,1,1
1547,527445936,Photo Editor by Aviary,36269056,USD,0,39501,741,4.5,5,4.6.1,12+,Photo & Video,37,5,23,1
2117,608188610,"MOLDIV - Photo Editor, Collage & Beauty Camera",120056832,USD,0,39501,4851,4.5,4.5,3.2.1,4+,Photo & Video,37,5,18,1
235,330803072,Camera Plus: For Macro Photos & Remote Photography,101181440,USD,0.99,38533,36,2.5,3.5,4.5.4,4+,Photo & Video,37,4,11,1
2268,643496868,Hangouts,94750720,USD,0,36404,0,4,0,16.0.0,4+,Social Networking,37,5,34,1
1890,575147772,LINE PLAY - Your Avatar World,108691456,USD,0,34677,313,4.5,4.5,4.9.6,4+,Social Networking,37,5,6,1
952,441457218,"Photo Lab: Picture Editor, effects & fun face app",102964224,USD,0,34585,34,4.5,4.5,2.8.24,12+,Photo & Video,37,5,10,1
777,414478124,WeChat,182624256,USD,0,34584,100,4.5,4,6.5.8,12+,Social Networking,38,4,21,1
345,351331194,"Badoo - Meet New People, Chat, Socialize.",157625344,USD,0,34428,23,4.5,4,5.8.0,17+,Social Networking,37,4,30,1
2864,799406905,Rookie Cam - Photo Editor & Filter Camera,110953472,USD,0,33921,2404,4.5,4.5,3.2,4+,Photo & Video,37,5,18,1
1058,457517348,FotoRus -Camera & Photo Editor & Pic Collage Maker,119500800,USD,0,32558,147,5,4.5,7.0.4,4+,Photo & Video,38,5,3,1
229,329670577,Camera+,89187328,USD,1.99,32338,261,4,4.5,9.1,4+,Photo & Video,37,0,10,1
1996,587366035,PicsArt Photo Studio: Collage Maker & Pic Editor,124726272,USD,0,29078,6,4.5,4,9.8,12+,Photo & Video,37,5,21,1
2519,694164275,Quik C GoPro Video Editor to edit clips with music,211343360,USD,0,28654,21,4.5,4.5,4.0.1,4+,Photo & Video,37,5,15,1
1823,566223681,Followers + for Instagram - Follower Analytics,17986560,USD,0,28633,402,4,3.5,2.1.1,12+,Social Networking,38,5,29,1
616,392796698,GroupMe,66864128,USD,0,28260,294,4.5,4.5,5.9.0,4+,Social Networking,37,1,14,1
741,409838725,Splice - Video Editor + Movie Maker by GoPro,123070464,USD,0,28189,2723,4.5,5,3.5.3,4+,Photo & Video,37,5,22,1
3506,912561374,Marco Polo Video Walkie Talkie,122692608,USD,0,27662,381,4.5,4.5,0.14.87,4+,Social Networking,37,2,1,1
1480,518158653,FreePrints C Photos Delivered,112790528,USD,0,26060,0,5,0,2.11.3,4+,Photo & Video,37,5,1,1
4658,994905763,Triller - Music Video & Film Maker,87287808,USD,0,25683,186,5,4.5,4.2.2,12+,Photo & Video,37,5,1,1
2187,626583252,Faded - Photo Editor,118618112,USD,1.99,24530,3551,4.5,4.5,2.3.1,4+,Photo & Video,38,5,5,1
6820,1073816197,Miitomo,112008192,USD,0,23965,299,4,4.5,2.2.2,4+,Social Networking,37,5,9,1
490,375239755,SimSimi,31358976,USD,0,23530,7,4,2.5,6.8.9,17+,Social Networking,37,0,25,1
182,319881193,"Grindr - Gay and same sex guys chat, meet and date",80409600,USD,0,23201,14,2.5,2,3.9.1,17+,Social Networking,37,5,5,1
2988,836071680,Wishbone - Compare Anything,117052416,USD,0,20649,49,4.5,3,5.17.4,12+,Social Networking,37,0,1,1
2489,688319243,PicLab Studio - Creative Editing & Graphic Design,53941248,USD,2.99,20200,94,4.5,4,2.1,4+,Photo & Video,37,5,1,1
271,336435697,imo video calls and chat,22562816,USD,0,18841,0,4,0,7.0.84,4+,Social Networking,38,2,29,1
3575,918396645,After School - Funny Anonymous School News,148799488,USD,0,18482,1,4,5,1.9,17+,Social Networking,37,0,1,1
3085,860011430,Ghost Lens+Scary Photo Video Edit&Collage Maker,102500352,USD,0,18316,756,5,4.5,3.91,12+,Photo & Video,40,5,3,1
4065,957764690,"Quick Reposter - Repost, Regram and Reshare Photos",16826368,USD,0,17694,72,4.5,4,15,17+,Social Networking,37,2,1,1
560,386098453,Weibo HD,104387584,USD,0,16772,293,4.5,3,4.0.0,4+,Social Networking,24,4,3,1
962,443354861,"Camera360 - Selfie Filter Camera, Photo Editor",161159168,USD,0,16729,2,4.5,4.5,8.5.6,12+,Photo & Video,37,0,12,1
1611,535811906,"Over― Edit Photos, Add Text & Captions to Pictures",109300736,USD,0,16221,165,4.5,4.5,4.3.1,4+,Photo & Video,37,5,1,1
2145,615187629,InstaMag - Free Pic and Photo Collage Maker,95378432,USD,0,16221,262,4.5,5,3.8.7,4+,Photo & Video,38,5,4,1
429,365152940,Photo Transfer App - Easy backup of photos+videos,45182976,USD,0,15654,24,4.5,4.5,6.2.1,4+,Photo & Video,37,5,2,1
1902,576649830,"InstaSize: Photo Editor, Picture Effects & Collage",99624960,USD,0,15605,1288,4,4.5,4.3.41,4+,Photo & Video,37,1,23,1
1859,570315854,Repost for Instagram,46076928,USD,0,15185,407,4.5,5,3.2.5,12+,Social Networking,37,0,1,1
9068,1122649984,"Prisma: Photo Editor, Art Filters Pic Effects",76442624,USD,0,15060,97,4.5,4,3.3.1,9+,Photo & Video,37,0,2,1
3980,951704333,"Filterra C Photo Editor, Effects for Pictures",99465216,USD,0,14744,2178,4.5,4.5,1.1,4+,Photo & Video,37,5,13,1
7580,1089836344,Live.me C Live Video Chat & Make Friends Nearby,163832832,USD,0,14724,97,4.5,4.5,3.6.20,17+,Social Networking,37,0,9,1
2253,640360962,Nextdoor,82531328,USD,0,14402,104,4.5,4.5,3.11,4+,Social Networking,37,0,4,1
3099,863844475,YouCam Makeup: Magic Makeup Selfie Cam,133124096,USD,0,14188,264,4.5,5,5.20.0,9+,Photo & Video,37,4,16,1
1875,573116090,Afterlight,76231680,USD,0.99,14057,79,4.5,4.5,3.2,4+,Photo & Video,37,5,1,1
10279,1156192844,Followers Analytics for Instagram - InstaReport,35136512,USD,0,13914,493,4.5,4,2.3,4+,Social Networking,37,0,8,1
6363,1065249424,MSQRD ― Live Filters & Face Swap for Video Selfies,198906880,USD,0,12982,750,4.5,4.5,1.3.5,9+,Photo & Video,37,5,11,1
9734,1137893020,Artisto C Video and Photo Editor with Art Filters,55673856,USD,0,12963,979,5,5,1.17,4+,Photo & Video,37,3,8,1
4696,997362197,"InShot Video Editor Music, No Crop, Cut",55851008,USD,0,12779,3366,5,5,1.19.1,4+,Photo & Video,37,0,9,1
4209,967351793,Layout from Instagram,9355264,USD,0,12616,2397,4.5,4.5,1.2.4,4+,Photo & Video,37,0,27,1
303,342115564,Hipstamatic,114081792,USD,2.99,12557,6,3.5,5,337,4+,Photo & Video,37,5,15,1
1575,530957470,LiveCollage Pro-Photo Collage Maker&Photo Editor,88022016,USD,1.99,12319,0,4.5,0,5.5.0,4+,Photo & Video,37,5,4,1
1157,471347413,YouNow: Live Stream Video Chat,91615232,USD,0,12079,24,3.5,3.5,13.25.0,12+,Social Networking,37,5,7,1
4509,986073281,Face Swap App- Funny Face Changer Photo Effects,16275456,USD,0,11977,92,4.5,4,2.4,4+,Photo & Video,37,5,1,1
2317,651309421,FollowMeter for Instagram - Followers Tracking,11819008,USD,0,11976,172,4.5,4.5,3.6,4+,Social Networking,37,0,1,1
4594,991346515,Moments - private albums with friends and family,204382208,USD,0,11955,0,4.5,0,23.5,4+,Photo & Video,37,0,33,1
966,443904275,LINE,212208640,USD,0,11437,11,3.5,3,7.5.0,4+,Social Networking,37,5,17,1
2002,588013838,VSCO,98576384,USD,0,11174,0,3.5,0,27,12+,Photo & Video,37,5,16,1
1064,458272450,eHarmony? Dating App - Meet Singles,102413312,USD,0,11124,15,2.5,1,5.5.1,17+,Social Networking,37,0,1,1
1910,577423493,"Retrica - Selfie Camera with Filter, Sticker & GIF",112688128,USD,0,11021,9,4.5,4.5,4.1.1,4+,Photo & Video,37,0,16,1
1197,476312888,"Photo Lab PRO HD: frames for pictures, face sketch",101117952,USD,4.99,10754,5,4.5,5,2.8.24,12+,Photo & Video,37,3,10,1
2670,738897668,VivaVideo - Best Video Editor & Photo Movie Maker,136221696,USD,0,10618,267,4.5,4.5,5.8.2,4+,Photo & Video,37,0,19,1
2167,621574163,Prime Photos from Amazon,76257280,USD,0,10511,2201,4,4.5,4.5.1,4+,Photo & Video,37,5,9,1
504,377342622,360 Panorama,7954432,USD,1.99,10463,193,4.5,3.5,4.4.3,4+,Photo & Video,38,5,3,1
2281,645746786,Word Swag - Cool fonts & typography generator,112843776,USD,4.99,9731,1840,5,4.5,2.1.5,4+,Photo & Video,38,5,1,1
4503,985746746,Discord - Chat for Gamers,26890240,USD,0,9152,0,4.5,0,1.8.7,4+,Social Networking,37,5,1,1
3350,897446215,Canva - Graphic Design & Photo Editing,126391296,USD,0,9114,337,4.5,5,2.3.0,4+,Photo & Video,37,5,17,1
975,444934666,QQ,218936320,USD,0,9109,17,3,1.5,7.0.1,12+,Social Networking,37,0,1,1
1684,546821797,Photo Editor-,46732288,USD,0,9095,411,4.5,4.5,5.0.4,4+,Photo & Video,37,5,31,1
2502,691025552,Font Candy+ Typography - Editor Add Text To Photos,101650432,USD,2.99,9021,37,4.5,4.5,5,4+,Photo & Video,37,5,9,1
937,439438619,Snapseed,141322240,USD,0,8683,98,4,4.5,2.17,4+,Photo & Video,37,3,34,1
408,364017607,ArtStudio for iPad - Draw Sketch and Paint,34310144,USD,4.99,8542,543,4.5,5,5.98,4+,Photo & Video,26,5,1,1
1478,517871755,"You Doodle - draw on photos & pictures, add text",72188928,USD,0,8520,49,4.5,4.5,7.5.8,4+,Photo & Video,37,5,18,1
1502,521922264,PIP Camera-Selfie Cam&Pic Collage&Photo Editor,74172416,USD,0,8454,26,4.5,5,3.2.2,4+,Photo & Video,40,5,2,1
2112,606310581,Facetune,61157376,USD,3.99,7643,110,4.5,4.5,2.6.3,4+,Photo & Video,38,0,12,1
511,377989827,Diptic,36705280,USD,2.99,7578,67,4.5,5,10,4+,Photo & Video,37,5,1,1
2480,686449807,Telegram Messenger,71896064,USD,0,7573,142,4,4.5,4,4+,Social Networking,40,3,8,1
2168,622434129,BeautyPlus - Selfie Camera for a Beautiful Image,128229376,USD,0,7503,334,5,5,6.4.5,4+,Photo & Video,37,0,9,1
342,350962117,Weibo,199585792,USD,0,7265,11,3.5,4,7.5.2,17+,Social Networking,37,5,2,1
6532,1068110571,Baby Story - Pregnancy Pics Baby Milestones Photo,166354944,USD,0,6700,5964,4.5,4.5,1.6,4+,Photo & Video,37,5,12,1
1787,561350520,Capture - Control Your GoPro Camera - Share Video,94800896,USD,0,6542,145,3,1.5,3.3.2,12+,Photo & Video,37,4,10,1
792,416048305,Meitu,142101504,USD,0,6478,21,5,5,6.7.0,4+,Photo & Video,37,0,5,1
898,433398108,PicFrame,36758528,USD,0.99,6374,66,4.5,5,9.7.2,4+,Photo & Video,37,5,21,1
4298,972909677,Periscope - Live Video Streaming Around the World,108550144,USD,0,6062,17,3.5,4,1.1,4+,Social Networking,37,3,34,1
1307,489833171,Visage makeup editor plus photo teeth whitener,134016000,USD,0,5767,9,4,4.5,4.0.9,4+,Photo & Video,37,3,10,1
3445,907405413,Video & TV Cast for Chromecast: Best Browser to cast and stream webvideos and local videos on TV & Displays,9646080,USD,0,5676,4694,4,4,1.8,17+,Photo & Video,38,5,1,1
3230,885271158,"Adobe Photoshop Mix - Cut out, combine, create",202334208,USD,0,5253,87,4.5,4.5,2.7.1,4+,Photo & Video,37,5,19,1
2638,730712409,ProCam 4 - Manual Camera + RAW,45063168,USD,4.99,5150,236,4.5,4.5,8.9,4+,Photo & Video,37,5,13,1
7361,1085652055,"Collageable - Photo Collage Maker, Pic Grid Free",90942464,USD,0,5112,1764,4.5,4.5,1.5,4+,Photo & Video,37,0,11,1
8614,1112989865,Chat for Whatsapp - iPad Version,24287232,USD,0,5060,4189,3.5,3.5,1.2,12+,Social Networking,24,2,1,1
1034,453718989,QQ HD,118249472,USD,0,5058,0,3.5,0,6.6.1,4+,Social Networking,24,5,1,1
3688,930026670,Enlight,127879168,USD,3.99,4915,337,4.5,4.5,1.3.3,4+,Photo & Video,37,5,13,1
1457,515094775,Bazaart Photo Editor Pro and Picture Collage Maker,120474624,USD,0,4909,479,4.5,5,4.6.3,4+,Photo & Video,37,2,13,1
2082,599534650,InstaBeauty -Camera&Photo Editor&Pic Collage Maker,88886272,USD,0,4818,53,4.5,4.5,2.9.2,4+,Photo & Video,25,5,3,1
905,433671262,"PhotoToaster - Photo Editor, Filters, Effects and Borders",58143744,USD,2.99,4748,391,5,5,6.7.5,4+,Photo & Video,37,5,1,1
1006,447983569,Lock Photos & Video.s Vault - Passcode Protect Your Secret Photo Album & Secure Private Picture.s Folders,14741504,USD,2.99,4697,415,4.5,4.5,4.3,4+,Photo & Video,38,5,1,1
1025,452830319,"Smilebox Moments - Collages, Stickers, Filters, Frames & Animations",25620480,USD,0.99,4510,627,4.5,4.5,3.2.4,4+,Photo & Video,40,0,1,1
789,415850124,PhotoSync C transfer and backup photos & videos,65495040,USD,2.99,4352,33,4.5,5,3.2,4+,Photo & Video,37,5,8,1
2751,768469908,YouCam Perfect - Photo & Selfie Editor,131635200,USD,0,4293,44,4.5,5,5.20.1,4+,Photo & Video,37,5,16,1
3138,871169596,PHHHOTO - Look Alive,54254592,USD,0,4280,59,4,3,3.2,12+,Photo & Video,37,0,3,1
5698,1047340501,MuseCam - Edit Photos & Manual Camera,16869376,USD,0,4267,800,4.5,4.5,1.2.2,4+,Photo & Video,37,5,2,1
5255,1030505688,Followers Analysis Tool For Instagram App Free,7891968,USD,0,4253,251,4,4,1.3,4+,Social Networking,38,1,31,1
2100,603092599,A Beautiful Mess,63549440,USD,0.99,4251,786,4,4.5,2.4,4+,Photo & Video,38,5,1,1
7328,1085024470,live.ly - live video streaming,143863808,USD,0,4145,18,3.5,4,4.12,12+,Social Networking,37,0,21,1
9848,1140798536,VR Tube - Virtual Reality 360 Video Player,11880448,USD,0,4142,103,4,4,4.3,17+,Photo & Video,37,4,11,1
3096,862863329,Fyuse - 3D Photos,118107136,USD,0,4126,10,4.5,4.5,4.1.0,12+,Photo & Video,37,0,25,1
189,320636131,FACEinHOLE?,12818432,USD,0.99,4016,1,4,5,5.7,12+,Photo & Video,37,5,1,1
5026,1018955135,Little Nugget? - capture pregnancy & baby pics,76221440,USD,2.99,4006,18,4.5,4.5,1.2.2,4+,Photo & Video,37,0,1,1
6405,1065781769,Houseparty - Group Video Chat,79375360,USD,0,3991,110,4,4.5,1.1.3,12+,Social Networking,37,4,1,1
4306,973337925,"MakeupPlus - Natural, Professional Makeup Looks",115112960,USD,0,3987,72,4.5,5,3.3.6,4+,Photo & Video,37,0,13,1
1465,516561342,"LINE Camera - Photo editor, Animated Stamp, Filter",77113344,USD,0,3978,58,4.5,5,14.0.4,4+,Photo & Video,37,5,16,1
1854,570103834,Printicular Print Photos - 1 Hour Pickup,54000640,USD,0,3909,53,5,5,2.22.0,4+,Photo & Video,37,5,22,1
3941,949876643,Lumyer - augmented reality camera effects,121899008,USD,0,3896,251,4.5,5,4.0.1,12+,Photo & Video,37,0,11,1
400,363448251,Photogene ?,35422208,USD,2.99,3761,596,4.5,4.5,4.3,4+,Photo & Video,40,5,1,1
1591,533893269,KODAK Kiosk Connect App,21434368,USD,0,3711,525,4.5,4.5,1.23,4+,Photo & Video,38,0,27,1
919,436114747,ComicBook!,92432384,USD,0.99,3702,112,4.5,4.5,2.1.1,9+,Photo & Video,37,4,1,1
3982,951761438,Cool Wallpapers for Pokemon,18546688,USD,0,3694,3041,5,5,2.7,4+,Photo & Video,37,0,1,1
3247,887153944,Pro Editor - Video Maker for FaceBook & Youtube,53158912,USD,0,3668,1005,2.5,3,4.1,9+,Photo & Video,38,1,33,1
2404,668354926,Air Video HD - Now with multitasking and PiP support!,14665728,USD,5.99,3610,724,4.5,4.5,2.2.1,4+,Photo & Video,38,5,1,1
3223,884009993,Lomotif Music Video Editor - Add Music & Effects!,138831872,USD,0,3507,24,4,4,2.2.0,4+,Photo & Video,37,5,20,1
4608,992004655,SOMA Messenger,92802048,USD,0,3232,3,4.5,3.5,1.7.4,4+,Social Networking,40,0,33,1
10535,1165924249,Monkey,68677632,USD,0,3060,122,4,3.5,2.1.1,12+,Social Networking,37,0,1,1
712,406541444,8mm Vintage Camera,22227968,USD,1.99,3040,14,4.5,4,2.5.1,4+,Photo & Video,37,0,4,1
2401,667819594,Rhonna Designs,177529856,USD,1.99,2971,1,4.5,5,2.21,4+,Photo & Video,38,5,24,1
918,435913585,Superimpose,25382912,USD,1.99,2965,205,4.5,5,6.2,4+,Photo & Video,37,5,8,1
1214,477927812,百度贴吧-全球最大兴趣交友社区,123991040,USD,0,2860,4,4,4,8.4.3,17+,Social Networking,37,0,1,1
214,326876192,Epson iPrint,53388288,USD,0,2838,26,3,2.5,6.3.1,4+,Photo & Video,37,5,12,1
3199,881323364,Video Merger Pro Combine Multiple Videos to Video,40767488,USD,0.99,2604,11,4,1,1.7,4+,Photo & Video,37,5,1,1
3976,951627022,Scanner App by Photomyne: Scan & Auto-Crop Photos,71397376,USD,1.99,2582,568,4.5,5,5.4,4+,Photo & Video,37,5,11,1
4596,991526007,Down To Lunch,35410944,USD,0,2535,9,4,3.5,1.72,12+,Social Networking,37,0,1,1
9669,1136617049,YouCam Fun - Live Selfie Video Filters,108771328,USD,0,2522,405,4.5,5,1.9.0,4+,Photo & Video,37,5,16,1
1152,470578793,Secret Calculator Pro - Hide photos & videos,14578688,USD,1.99,2504,644,4.5,5,1.13,4+,Photo & Video,37,0,12,1
1088,462155908,Fisheye Lens - Retro Style Fisheye Camera,7671808,USD,1.99,2485,1564,4.5,4.5,2.1.0,4+,Photo & Video,40,4,6,1
488,374308914,Color Splash for iPad,18752512,USD,1.99,2445,41,4.5,5,3.6.1,4+,Photo & Video,24,5,1,1
4963,1015059175,A Color Story,39306240,USD,0,2436,629,4.5,5,1.1.3,4+,Photo & Video,37,5,1,1
1997,587823548,1 Second Everyday: Video Diary,114876416,USD,4.99,2433,10,3.5,4.5,1.60000.1,4+,Photo & Video,37,0,1,1
553,385145330,Pocketbooth - the photo booth in your pocket,72586240,USD,0.99,2377,5,4.5,5,3.5,4+,Photo & Video,37,5,1,1
5559,1041596399,Boomerang from Instagram,15664128,USD,0,2373,525,3.5,3.5,1.4.2,4+,Photo & Video,37,3,27,1
376,357404131,Slow Shutter Cam,4466688,USD,1.99,2305,100,4,5,4,4+,Photo & Video,37,5,4,1
3406,904209370,"B612 - Trendy Filters, Selfiegenic Camera",81220608,USD,0,2275,207,4.5,4.5,5.5.1,4+,Photo & Video,37,5,21,1
4537,988173374,Polarr Photo Editor - Photo Editing Tools for All,57919488,USD,0,2246,224,4.5,4.5,3.7.1,4+,Photo & Video,37,5,17,1
3528,914517987,Retouch Vogue - Facetune Wrinkles & Pimples Makeup,25153536,USD,0,2235,220,4.5,4,1.5,4+,Photo & Video,38,0,30,1
692,403684733,Badoo Premium - Meet new people. Extra features.,157370368,USD,2.99,2231,3,4.5,5,5.8.0,17+,Social Networking,37,4,30,1
5014,1018355599,Tweetbot 4 for Twitter,12481536,USD,9.99,2213,58,4,3.5,4.6.2,17+,Social Networking,37,5,7,1
2327,653298682,Kanvas - Express Yourself,222722048,USD,0,2177,0,4.5,0,6.3,9+,Photo & Video,37,0,30,1
6484,1067594919,Easy Save - Repost your Instagram Photos & Videos,24253440,USD,0,2159,41,4.5,4.5,3,12+,Photo & Video,37,0,1,1
1100,463422433,Meitu HD,107525120,USD,0,2150,68,4.5,4.5,5.4.0,4+,Photo & Video,24,5,3,1
3094,862550306,Flinch - Video Chat Staring Contest,88759296,USD,0,2134,7,3,1.5,1.7.4,17+,Social Networking,37,0,1,1
1540,526783584,"Pixlr - Photo Collages, Effects, Overlays, Filters",73878528,USD,0,2099,4,4,3.5,3.1.2,4+,Photo & Video,37,5,11,1
4617,992421775,Patternator Pattern Maker Backgrounds & Wallpapers,47943680,USD,0,2092,625,5,5,2.1,4+,Photo & Video,37,5,12,1
2031,592331499,BeautyCam - AR Carnie selfie,161335296,USD,0,2082,12,5,5,6.0.1,4+,Photo & Video,37,0,6,1
1618,536495161,Lapse It Pro ? Time Lapse & Stop Motion Camera ? Professional HD,22585344,USD,2.99,2079,760,4.5,4.5,2.52,4+,Photo & Video,40,5,9,1
4326,974748812,GIPHY. The GIF Search Engine for All the GIFs,48201728,USD,0,2069,46,4.5,4.5,2.6.1,17+,Photo & Video,37,0,1,1
3642,924589795,Highrise - Your Avatar Community,116480000,USD,0,2011,15,4,4.5,2.2.3,12+,Social Networking,37,5,15,1
2873,804177739,Adobe Photoshop Lightroom for iPad,146830336,USD,0,2005,2,4,1,2.7.4,4+,Photo & Video,24,5,12,1
380,357577420,"iWatermark - Watermark 1 or Batch of Photos. Watermarking with Text, Logo, & Graphics Overlays.",21771264,USD,1.99,1995,148,4.5,4.5,6.5,12+,Photo & Video,38,5,14,1
5594,1042987645,Face Swap Live,89829376,USD,1.99,1995,271,4,4.5,2.1.3,12+,Photo & Video,37,5,13,1
978,445338486,LOVOO - Dating Chat,85049344,USD,0,1985,4,4.5,5,3.26.0,17+,Social Networking,37,5,15,1
1479,517989834,SuperPhoto - Photo Effects & Filters,55636992,USD,0,1952,29,4.5,4.5,4.39,4+,Photo & Video,38,5,24,1
3364,899003026,Colorburn - 1000 filters camera for photo & video,39219200,USD,0.99,1947,53,4.5,4.5,3.0.1,4+,Photo & Video,37,5,10,1
5900,1053285387,PlayStation?Messages,48062464,USD,0,1918,92,2,2.5,4.50.17,12+,Social Networking,37,5,19,1
4179,965474816,Baby Pics - pregnancy & baby milestone photos,188807168,USD,2.99,1872,30,4.5,5,2.2.1,4+,Photo & Video,37,5,12,1
1008,448165862,"MOMO陌陌-开启视频社交,用直播分享生活",156017664,USD,0,1862,0,4,0,7.7.47,17+,Social Networking,37,0,1,1
2736,764925064,Waterlogue,55678976,USD,3.99,1827,141,4.5,4.5,1.3.1,4+,Photo & Video,37,5,8,1
1653,543119010,Wireless Transfer App:Sync backup photo and video,35957760,USD,2.99,1810,15,4.5,4,4.5,4+,Photo & Video,37,5,6,1
7798,1094167473,BOO! - Video chat camera with filters & stickers,112069632,USD,0,1805,48,4,5,2.4.0,9+,Social Networking,35,0,1,1
6668,1070864992,Solo Selfie,140281856,USD,0,1799,267,4,4.5,2.2.1,4+,Photo & Video,37,4,11,1
1315,490979746,Visage Lab PRO HD: perfect makeup plus face editor,118072320,USD,4.99,1760,2,4.5,5,4.0.9,4+,Photo & Video,37,3,10,1
4018,953953312,Video Saver & Uploader-Save & Upload your Photo&Movie,11715584,USD,0.99,1754,684,4,4,1.8,4+,Photo & Video,40,5,1,1
3607,921902664,Felt: Birthday & Greeting Cards & Thank You Card,240285696,USD,0,1724,24,4.5,5,3.1.1,4+,Photo & Video,37,5,1,1
2490,688831692,Facetune for iPad,72655872,USD,5.99,1718,22,4.5,4,2.6.3,4+,Photo & Video,24,5,12,1
411,364183992,Qzone,133874688,USD,0,1649,1,3.5,5,7.2.8,4+,Social Networking,37,0,3,1
1110,464660903,"Perfect Image - Pic Collage Maker, Add Text to Photo, Cool Picture Editor",77390848,USD,0,1646,141,4.5,4.5,3.8.2,4+,Photo & Video,38,5,5,1
2535,698054232,Chatous - Chat with new people,103056384,USD,0,1609,5,3,5,3.8.10,12+,Social Networking,37,0,11,1
1594,534174529,InstaBoard  for Instagram - photos & videos repost,53230592,USD,0,1571,9,3.5,1.5,3,12+,Photo & Video,37,1,1,1
4183,965609252,Kiwi - Q&A,101882880,USD,0,1538,17,4,4.5,3.0.20,12+,Social Networking,37,4,34,1
2522,694647259,ProCamera.,96517120,USD,4.99,1525,13,4.5,4.5,10.3,4+,Photo & Video,37,0,10,1
3180,878783582,Adobe Photoshop Lightroom for iPhone,143550464,USD,0,1494,9,4,3,2.7.4,4+,Photo & Video,15,0,12,1
1263,482669234,Intro Designer for iMovie and Youtube,96086016,USD,2.99,1484,9,4.5,4,3.1,9+,Photo & Video,37,5,7,1
924,436577167,FiLMiC Pro,125991936,USD,14.99,1478,18,3,4.5,6.0.3,4+,Photo & Video,37,5,1,1
2156,618790117,Cute CUT Pro - Full Featured Video Editor,52002816,USD,5.99,1478,253,4,4.5,1.8.5,4+,Photo & Video,38,5,12,1
10534,1165525994,PhotoScan - scanner by Google Photos,71370752,USD,0,1421,268,4.5,5,1.4.1,4+,Photo & Video,25,0,36,1
7114,1080114119,Pixomatic - layer based photo editor,117997568,USD,4.99,1396,11,4.5,5,3.1,12+,Photo & Video,37,5,12,1
2942,824421012,Brushstroke,61438976,USD,3.99,1373,116,4.5,4.5,3.1,4+,Photo & Video,37,5,12,1
3041,849145835,"Union - Combine, Blend, and Edit Photos",52169728,USD,1.99,1372,378,4.5,5,1.5.4,4+,Photo & Video,37,5,2,1
2221,634467171,Glitché,30717952,USD,0.99,1338,202,4,4.5,2.12,4+,Photo & Video,37,5,1,1
1671,545623778,Camera360 Concept - HelloCamera,45243392,USD,0.99,1335,9,4.5,4.5,1.1.1,4+,Photo & Video,38,0,3,1
7258,1083057569,GhostCodes - a discovery app for Snapchat,54652928,USD,0,1313,223,4.5,4.5,1.9.9,12+,Social Networking,37,0,1,1
2397,666575946,RealTimes: Video Maker,187350016,USD,0,1274,0,4.5,0,4.10.004,4+,Photo & Video,37,4,10,1
4953,1014459049,Fontmania - Add Artworks & Text to Your Photos!,37767168,USD,4.99,1249,306,4.5,4.5,1.6,4+,Photo & Video,37,5,11,1
2822,789870026,Jodel,56655872,USD,0,1193,19,4.5,5,3.58,17+,Social Networking,37,0,14,1
3028,847334708,Meipai,147106816,USD,0,1190,0,4.5,0,6.1.5,12+,Photo & Video,37,0,3,1
1970,585307861,PicTapGo,32724992,USD,1.99,1175,0,4.5,0,3.5.2,4+,Photo & Video,37,5,6,1
5473,1038849525,POTO - Photo Collage Maker,53268480,USD,0,1149,197,4.5,4.5,2.6.1,4+,Photo & Video,37,5,11,1
5104,1022267439,"SNOW - Selfie, Motion sticker, Fun camera",119274496,USD,0,1115,2,4,2.5,3.2.5,4+,Photo & Video,37,0,5,1
613,392538848,ToonCamera,29494272,USD,1.99,1037,95,4.5,4.5,4,4+,Photo & Video,37,5,13,1
2595,719829352,FireChat,15021056,USD,0,1037,42,3,3.5,8.0.12,12+,Social Networking,37,3,13,1
4008,953511734,Bestie-Beauty Camera 360 & Portrait Selfie Editor,107235328,USD,0,1035,6,4.5,4.5,3.9.90,4+,Photo & Video,37,0,15,1
7916,1096918571,Google Duo - simple video calling,44514304,USD,0,1033,3,4,4.5,12,4+,Social Networking,37,0,74,1
3645,924695435,Pixelmator,132711424,USD,4.99,1029,156,4,4,2.3,4+,Photo & Video,37,5,11,1
10139,1149994032,Facetune 2,141808640,USD,0,1009,12,3,3.5,1.5,4+,Photo & Video,25,5,12,1
2613,724295527,Pitu,102120448,USD,0,968,4,5,5,4.9.2,4+,Photo & Video,38,0,5,1
6222,1061859052,intoLive - Custom Live Photos wallpaper maker,47119360,USD,0,938,656,4.5,4.5,2.0.2,4+,Photo & Video,37,0,18,1
3070,855274310,Cinamatic,43502592,USD,2.99,937,9,3.5,4,1.6.4,4+,Photo & Video,37,5,9,1
3638,924438909,"ProShot - RAW, DSLR Controls & Video",5897216,USD,3.99,893,19,4.5,4,3.8,4+,Photo & Video,37,2,11,1
3425,905995602,Easy Lock Pro - Lock Screen Wallpaper,41463808,USD,2.99,888,156,4.5,3.5,2,4+,Photo & Video,38,0,1,1
6212,1061724021,Fiesta by Tango - Chat & Meet New People,179022848,USD,0,885,148,4.5,4.5,4.57.1,17+,Social Networking,37,1,30,1
7913,1096801294,Google Allo ― smart messaging,171962368,USD,0,862,54,3.5,3.5,11,17+,Social Networking,37,0,68,1
3992,952578897,LOL Movie: Change your face + voice!,64729088,USD,0,849,61,4.5,4,1.4,4+,Photo & Video,38,5,14,1
5411,1036066107,Camcorder - Record VHS Home Videos,15195136,USD,0,830,540,4.5,4.5,1.1.1,4+,Photo & Video,38,5,1,1
2301,648862644,"Videon - Video Camera and Editor with Zoom, Pause, Effects, Filters",11747328,USD,4.99,818,180,4.5,4,2.11,4+,Photo & Video,38,5,11,1
8765,1116112829,Anime Power FX,97897472,USD,0,807,807,4.5,4.5,1,9+,Photo & Video,37,5,1,1
2485,687792357,Squaready for Video - Convert Rectangle Movie Clip into Square Shape for Instagram,38898688,USD,0,778,44,3,2.5,1.5.0,4+,Photo & Video,37,0,2,1
2862,797818385,Repost It! for Instagram Pro - Video Photo Whiz,54003712,USD,2.99,745,98,4,4.5,1.6.0,4+,Social Networking,37,3,1,1
6509,1067891186,Peach ― share vividly,15626240,USD,0,727,98,4,4,1.2.1,12+,Social Networking,37,0,1,1
5598,1043337296,Hey! VINA - Where Women Meet New Friends,103951360,USD,0,719,83,3,4.5,1.13,12+,Social Networking,37,0,1,1
845,425996445,Tiny Planet Photos and Video,84909056,USD,0.99,714,8,4,4,6.3.0,4+,Photo & Video,37,5,7,1
1913,577628510,TeamSpeak 3,27543552,USD,4.99,697,8,2.5,3,3.1.23,17+,Social Networking,38,1,4,1
2384,664425773,Canon PRINT Inkjet/SELPHY,25640960,USD,0,689,102,2.5,2.5,2.3.4,4+,Photo & Video,38,5,20,1
1407,505311207,Battlefield? Companion,58883072,USD,0,689,338,2.5,2.5,3.0.4,12+,Social Networking,37,5,11,1
6436,1066416979,All Devices for WhatsApp - Messenger for iPad,30306304,USD,0,682,25,3,2,1.64,4+,Social Networking,24,2,32,1
9291,1127910488,Microsoft Pix Camera,131016704,USD,0,678,31,4,4,1.0.32,4+,Photo & Video,25,4,9,1
949,440948110,Kwai - Share your video moments,91466752,USD,0,668,4,4.5,5,4.99.6,17+,Photo & Video,38,0,11,1
3545,915861546,Project Life,181997568,USD,2.99,666,3,4.5,5,2.5,4+,Photo & Video,37,5,24,1
433,366195670,The Photographer's Ephemeris,58463232,USD,8.99,663,5,5,4,3.14.1,4+,Photo & Video,37,5,1,1
293,339462921,CatPaint,73332736,USD,0.99,649,11,4,4,3.5.1,4+,Photo & Video,37,5,1,1
3559,917229473,Warmlight - Manual Camera & Photo Editor,57647104,USD,4.99,643,50,4,4.5,2.1,4+,Photo & Video,37,5,16,1
1711,550902799,Camera+ for iPad,62664704,USD,4.99,641,22,3.5,3.5,2,4+,Photo & Video,24,5,10,1
3962,950902520,Polaroid Print App - ZIP,85582848,USD,0,631,44,1.5,1.5,3.1,4+,Photo & Video,37,0,22,1
859,427941017,YY- 小全民手机直播交友软件,165367808,USD,0,624,4,4,5,6.3.8,17+,Social Networking,37,0,2,1
2922,819197891,Don't Touch This - Secret Data Vault,40141824,USD,6.99,615,117,4.5,4.5,2.8,17+,Photo & Video,37,5,12,1
2449,679454835,VHS Camcorder,16485376,USD,2.99,613,38,4,4,1.2.4,4+,Photo & Video,37,4,1,1
3779,937616953,Cloud Video Player Pro - Play Videos from Cloud,52418560,USD,2.99,602,70,3.5,4,2.5,17+,Photo & Video,40,5,54,1
2454,680258201,Photo Quilt - Auto Collage Maker,15210496,USD,0,599,236,4.5,4.5,1.5.1,4+,Photo & Video,37,0,1,1
2074,598542901,Perfect Video - Video Editor & Movie Maker (Pro),20610048,USD,3.99,594,68,4.5,5,4.6.1,4+,Photo & Video,37,5,19,1
475,373311252,TouchRetouch,27962368,USD,1.99,588,54,4,4,4.0.1,4+,Photo & Video,37,0,14,1
758,411843682,iDarkroom,29369344,USD,0.99,554,1,4.5,4,2.6,4+,Photo & Video,37,0,31,1
2298,648228242,百度贴吧HD,106000384,USD,0,542,366,3.5,4,6.8.0,17+,Social Networking,24,3,1,1
2257,640564761,Stop Motion Studio Pro,52312064,USD,4.99,537,2,4.5,5,8.3.1,4+,Photo & Video,37,5,10,1
2418,670133026,Clip Video Download Pro.,31154176,USD,6.99,530,526,4,4,1.4,17+,Photo & Video,43,5,28,1
876,430856616,True Red Eye Remover HD-Face Recovery,4511744,USD,0.99,528,379,4,4,2.9,4+,Photo & Video,40,0,1,1
1730,553807264,Cymera - Photo & Beauty Editor & Collage,123231232,USD,0,523,0,3,0,3.3.1,4+,Photo & Video,38,0,13,1
2624,726895069,FACIE,35204096,USD,0,514,3,3.5,4.5,3.4,4+,Photo & Video,37,5,14,1
773,414002091,WordFoto,5800960,USD,1.99,513,10,4,3.5,1.1.1,4+,Photo & Video,38,5,1,1
9355,1129553203,Chat for Pokemon Go - GoChat,18925568,USD,0,500,500,2,2,1,4+,Social Networking,37,0,1,1
1928,580002794,Followers + EA - Analytics for Instagram,19306496,USD,0.99,482,24,2.5,1,3.0.2,12+,Social Networking,25,3,29,1
6914,1076297448,IAmNaughty C Dating App to Meet New People Online,40430592,USD,0,463,5,3,2,2.3,17+,Social Networking,38,0,17,1
897,433156786,Qzone HD,30027776,USD,0,458,26,3.5,3,4.1.4.1,4+,Social Networking,26,5,2,1
3951,950519698,VivaVideo PRO Best Video Editor & Movie Maker HD,135152640,USD,2.99,442,42,4.5,5,5.8.0,4+,Photo & Video,37,0,19,1
2995,838848566,Zenly - Locate your friends in realtime,126879744,USD,0,427,0,4,0,3.1.0,4+,Social Networking,37,0,23,1
3170,876291194,Photo Editing Effects & Collage Maker - Effectshop,56615936,USD,0,422,3,4.5,4.5,4.0.1,4+,Photo & Video,37,5,5,1
6968,1077150310,League of Legends Friends,97852416,USD,0,420,15,3.5,3.5,1.3.7,4+,Social Networking,37,0,21,1
3342,896890211,Remove Caption for Snapchat* Screenshots,41888768,USD,3.99,418,46,3,4,3.1.3,4+,Social Networking,37,0,1,1
3775,937289819,Pic-it Collage - Photo Collage Maker and Editor,36184064,USD,0,415,72,4.5,4.5,2.21,4+,Photo & Video,38,0,26,1
3284,891280237,"CollageKing pro - 2 in one (Two applications in one) create Photo and Video collage frame for instagram, vine",51412992,USD,1.99,412,393,4,4,1.1,4+,Photo & Video,40,5,31,1
3438,907002334,豆瓣,109557760,USD,0,407,0,3.5,0,4.18.1,12+,Social Networking,37,5,2,1
4590,991032122,Candid - Speak Your Mind Freely,47065088,USD,0,398,0,3.5,0,1.7.3,17+,Social Networking,37,0,1,1
3197,881267423,Candy Camera,61046784,USD,0,397,1,4,3,2.5.4,9+,Photo & Video,37,5,8,1
886,432274380,知乎,149436416,USD,0,397,0,3,0,3.52.1,17+,Social Networking,37,5,1,1
2364,659353189,IntroMate - Intro Maker for iMovie,189254656,USD,2.99,386,28,4.5,4,2.5,4+,Photo & Video,37,5,12,1
5723,1048026594,MaxCurve - Photo editor for pro photography,40071168,USD,3.99,375,60,4.5,5,2.4,4+,Photo & Video,38,5,18,1
6340,1064676206,Microsoft Selfie,68282368,USD,0,375,24,4,4,2.2.0,4+,Photo & Video,37,0,24,1
5254,1030487391,Selfeo,86573056,USD,0,366,3,4,5,1.6.2,17+,Social Networking,37,1,1,1
5690,1046884557,Filterra C Photo Editor,83418112,USD,3.99,366,81,4.5,4.5,1.5,4+,Photo & Video,37,5,13,1
458,369970819,Fake-A-Location Free ?,7689537,USD,0,354,215,1.5,1,1.01,4+,Social Networking,43,0,1,1
8698,1114710947,Color Pop Free - Selective Color Splash Effects and Black & White Photography Editor,5553152,USD,0,352,325,4,4,1.0.2,4+,Photo & Video,38,5,1,1
1473,517488939,Cortex Camera,3409920,USD,2.99,346,14,4,4,2.12,4+,Photo & Video,37,1,1,1
3439,907159478,Cycloramic for iPhone SE/5/5S,24351744,USD,1.99,346,6,2.5,2,2.03,4+,Photo & Video,37,3,11,1
3672,927823151,Pro HDR X,1953792,USD,1.99,345,321,3.5,3.5,1.1,4+,Photo & Video,37,4,1,1
2294,647554947,Clone Magic,18268160,USD,1.99,306,79,4,4,3.0.1,4+,Photo & Video,40,5,1,1
4695,997252057,Popcorn Buzz - Free Group Calls,17457152,USD,0,281,97,3.5,3.5,1.3.2,4+,Social Networking,38,0,17,1
11035,1185328193,Fam ― Group video calling for iMessage,113382400,USD,0,279,5,3.5,3,0.6.41,4+,Social Networking,37,4,1,1
2567,710380093,QQ International,103233536,USD,0,274,0,2,0,4.8.4,4+,Social Networking,38,0,8,1
339,349442137,Ameba,96635904,USD,0,269,0,3,0,8.6.1,12+,Social Networking,37,0,1,1
7765,1093582666,Krome Studio Service Plus,32825344,USD,1.99,269,57,3.5,4.5,3,4+,Photo & Video,37,0,1,1
2420,670910957,VVebo - 微博客户端,17336320,USD,0.99,259,8,4.5,5,2.0.9,4+,Social Networking,38,5,2,1
4952,1014277964,SelfieCity,71816192,USD,0,252,1,5,5,2.9.1,4+,Photo & Video,37,0,5,1
365,354850853,Dr. Seuss Camera - The Cat in the Hat Edition,9906176,USD,0.99,249,5,4.5,4.5,1.5.5,4+,Photo & Video,37,0,1,1
3265,888701288,Instaflash Pro,17196032,USD,4.99,249,79,5,5,4.0.1,4+,Photo & Video,37,5,2,1
3909,947824428,Hydra - Amazing Photography,16631808,USD,4.99,249,3,3.5,3.5,1.3.4,4+,Photo & Video,37,1,15,1
7135,1080434313,FabFocus - portraits with depth and bokeh,83113984,USD,3.99,244,163,4,4.5,1.0.6,4+,Photo & Video,25,3,9,1
9299,1128075013,InstaSave for Instagram - Download & Repost your own Videos & Photos for Free,11674624,USD,0,243,243,4,4,1.0.0,12+,Photo & Video,40,3,1,1
6849,1074278256,SoundCloud Pulse: for creators,18540544,USD,0,240,53,3,3,1.3.2,4+,Social Networking,37,0,1,1
1600,534960206,Rhonna Collage,123987968,USD,1.99,239,2,4,5,3.4.1,4+,Photo & Video,38,5,29,1
3091,861891048,Tantan,35807232,USD,0,235,0,4.5,0,2.7.4,17+,Social Networking,37,0,5,1
2153,616728746,Slow Shutter!,2039808,USD,1.99,230,141,4,4.5,2.6,4+,Photo & Video,38,5,1,1
2974,834248867,SKRWT,34190336,USD,1.99,230,29,4.5,4.5,1.4,4+,Photo & Video,37,5,21,1
10555,1166974799,"CATCHY Photos-Easter Bunny, Tooth Fairy and more..",81744896,USD,0,228,32,1.5,1.5,1.55,4+,Photo & Video,37,2,1,1
5374,1035142291,SW/NG - Living Photos. Memories that Swing.,89583616,USD,0,222,0,3,0,2.4.1,12+,Photo & Video,25,0,9,1
2494,689859603,SlideStory - Create a slideshow movie and a snap video,54693888,USD,0,220,60,4.5,4.5,1.5.7,4+,Photo & Video,40,0,9,1
1255,481964944,PolyFrame - All In One Collage Maker,108412928,USD,1.99,219,0,4,0,11.1,4+,Photo & Video,37,5,4,1
2801,780458840,Fonta,22478848,USD,0.99,217,94,4,4,1.2.0,4+,Photo & Video,38,0,30,1
1205,477091899,Cougar Dating & Life Style App for Mature Women,109448192,USD,0,213,30,4.5,4.5,5.2.2,17+,Social Networking,37,5,1,1
1999,587849880,Bokeh Lens,3923968,USD,0.99,206,15,4,4.5,1.3.6,4+,Photo & Video,37,0,1,1
5968,1055538670,Relight - Better Photos,13051904,USD,4.99,203,24,4.5,4.5,2,4+,Photo & Video,37,5,12,1
8726,1115111967,Collageable PRO - Photo Collage,69005312,USD,1.99,202,105,4,4,1.2,4+,Photo & Video,37,0,11,1
4588,990928352,Relook,56421376,USD,3.99,198,50,4.5,4.5,1.5.3,4+,Photo & Video,37,5,10,1
1921,578665578,Threema,24925184,USD,2.99,196,2,4.5,4.5,2.10.0,4+,Social Networking,37,5,9,1
1527,525176875,Sun Surveyor - Sun & Moon Visualization Tool,26597376,USD,9.99,183,14,5,5,2.4.2,4+,Photo & Video,35,4,21,1
2314,650715760,LetterGlow - Graphic Design & Photo Editing,125425664,USD,2.99,181,32,4,4.5,2.2.6,4+,Photo & Video,37,0,9,1
4649,994119740,Rawr Messenger - Dab your chat,130276352,USD,0,180,28,4,3.5,1.5.4,12+,Social Networking,37,0,1,1
9850,1140935852,Tiny Memories - Photo Editor for Baby Pics,42786816,USD,4.99,171,55,4.5,5,1.4,4+,Photo & Video,37,5,11,1
6485,1067596534,This by Tinrocket,47585280,USD,1.99,169,123,4.5,4.5,1.0.2,4+,Photo & Video,37,5,1,1
10332,1158517484,Spectrum - Colorize Black and White Photos,18656256,USD,4.99,169,33,3.5,3,1.4,4+,Photo & Video,37,5,10,1
3613,922304974,Cycloramic for iPhone 6/6S (Not the 6+/6S+),32371712,USD,1.99,168,15,2.5,2.5,1.3.1,4+,Photo & Video,25,1,11,1
2061,596026805,PhotoPills,39256064,USD,9.99,166,16,4.5,5,2.3.3,4+,Photo & Video,37,5,6,1
9038,1121943475,"April - Layouts, Photo Collage, and Poster Maker",56849408,USD,0,165,29,4.5,5,2.4.4.1,4+,Photo & Video,37,0,10,1
1519,523520711,PopCam　Photo,52942848,USD,0,160,3,4,5,4.0.8,4+,Photo & Video,38,0,9,1
6096,1059218666,Litchi for DJI Mavic/Phantom/Inspire,81354752,USD,22.99,159,0,3.5,0,1.16.2,4+,Photo & Video,37,5,23,1
5937,1054355818,WhenToPost: Best Time to Post Photos for Instagram,14897152,USD,0,158,5,3,2,2.1,4+,Social Networking,38,0,1,1
7009,1077809640,ChatMate for WhatsApp,26032128,USD,2.99,148,1,4,5,4.1.0,4+,Social Networking,24,5,7,1
4398,978985106,Inke―Broadcast an amazing life,137212928,USD,0,147,0,4,0,4.0.55,17+,Social Networking,37,0,2,1
8496,1110639444,LightX,53415936,USD,1.99,147,73,3.5,4,2.1,4+,Photo & Video,37,0,21,1
6953,1076859004,Foodie - Delicious Camera for Food,44275712,USD,0,144,4,3.5,2.5,1.5.2,4+,Photo & Video,37,0,21,1
4868,1009257820,FreeVRPlayer,7944192,USD,0,134,37,2.5,3,2,4+,Photo & Video,37,2,1,1
7530,1088682460,Flippy - Star in famous clips!,85392384,USD,0.99,134,5,4,5,2.3.3,12+,Photo & Video,37,3,11,1
4224,968591710,ACDSee Pro,105525248,USD,6.99,130,7,4.5,4,3.1.1,4+,Photo & Video,37,5,10,1
2718,754105884,NightCap Camera,6580224,USD,1.99,128,9,4,5,9,4+,Photo & Video,37,5,12,1
10171,1151506903,Not Karlton Banks Emojis by Eboticons,45600768,USD,1.99,121,7,4,4.5,4.8,17+,Social Networking,37,0,1,1
9681,1136910248,Confetti - Geofilter Design Maker for Snapchat,81762304,USD,0,120,61,3,3,1.0.3,4+,Photo & Video,37,0,1,1
1345,494906425,Who Deleted Me? for Facebook,4303262,USD,0.99,118,118,1.5,1.5,1.0.0,4+,Social Networking,45,1,1,0
880,431065024,Fake Location,6228992,USD,0.99,117,7,1,1,3.1,4+,Social Networking,37,5,13,1
4466,982936366,Uptown & Co. - Vintage Filters & insignias.,50565120,USD,1.99,115,79,4,4.5,2.0.2,4+,Photo & Video,38,5,1,1
1261,482465886,Video Compressor,12115968,USD,1.99,108,6,4,3,3,4+,Photo & Video,37,3,1,1
2944,824940089,InsSave - Download & Save Photos & Videos From Instagram With Ease!,2314240,USD,0.99,107,97,3,3,1.2,4+,Social Networking,38,2,1,1
4384,978236345,WeicoPro 4,80967680,USD,0.99,106,0,3,0,4.9.12,17+,Social Networking,38,0,5,1
10033,1146696085,"Philm-Video&Photo Editor,REAL-TIME Magic Filter",90322944,USD,0,103,0,4,0,1.4.0,4+,Photo & Video,38,0,3,1
928,437314677,Digital Domain,13512704,USD,0,102,0,2,0,3.0.4,9+,Photo & Video,37,4,9,1
3463,909196467,Homido 360 VR player,58593280,USD,0,100,71,3.5,3.5,2,17+,Photo & Video,38,5,1,1
4585,990668324,Formulas - Photo Lab Effects and Custom Frames,274699264,USD,1.99,99,39,4.5,4,2.3,4+,Photo & Video,37,5,13,1
4286,972426013,Filters for iPhone and iPad,91374592,USD,1.99,97,5,4,5,3.1,4+,Photo & Video,37,5,1,1
6095,1059213655,"Gifstory - GIF Camera, Editor and Converter of Photo, Live Photo, and Video to GIF",29030400,USD,0.99,96,30,4.5,4.5,1.2.2,4+,Photo & Video,37,0,1,1
1949,582538300,TimeStamp Photo with GPS Address Location,671744,USD,1.99,93,15,2.5,2.5,6.6,4+,Photo & Video,40,1,1,1
3866,944644383,Aftercut : Background Eraser & Easy Photo Editor,99231744,USD,1.99,91,23,4.5,4.5,3.29,4+,Photo & Video,37,5,13,1
5776,1049316924,Changes - Face Tracker,25260032,USD,2.99,90,31,2.5,2.5,2.3,4+,Photo & Video,37,0,14,1
3970,951350964,Bachify,98627584,USD,1.99,88,50,3.5,3.5,1.0.1.50,12+,Photo & Video,37,0,1,1
7500,1088115502,Best 9 for Instagram,27278336,USD,0,88,88,1,1,1.1,4+,Photo & Video,37,1,1,1
10922,1179685798,VR Video World - Virtual Reality,97276928,USD,0,88,26,4.5,5,1.0.14,12+,Photo & Video,38,0,2,1
1250,481587094,秒拍-超火爆短视频分享平台,120877056,USD,0,84,0,4,0,6.6.70,17+,Photo & Video,37,0,9,1
5025,1018922850,Flow Speed Control ● Professional Edition,104204288,USD,1.99,83,36,4.5,4.5,1.14,4+,Photo & Video,37,5,21,1
1580,531761928,same - 就是聊得来,123238400,USD,0,78,0,4,0,4.0.4,17+,Social Networking,37,0,1,1
333,348543978,Timetracks - Slit-Scan Camera,11369472,USD,0.99,70,1,2,1,2.2.0,4+,Photo & Video,37,4,5,1
1231,479528827,Photomontage : PhotoLayers for iPhone,15488000,USD,0.99,67,14,4.5,4,9.0.0,4+,Photo & Video,37,0,2,1
6235,1062002361,LumaFX - infinite video effects,13921280,USD,2.99,67,11,4,4.5,2.0.3,4+,Photo & Video,37,5,8,1
2775,774620933,FilmStory - For All Your Video Editing Needs,80793600,USD,0,66,8,4,3.5,2.5,4+,Photo & Video,37,2,5,1
9031,1121796149,GIFYme - Create video loops and gifs with amazing filters for Whatsapp and Instagram,31382528,USD,0,65,10,3.5,4,5,4+,Photo & Video,25,3,5,1
2802,780467456,Effects Studio,69170176,USD,1.99,64,2,4,4.5,4.3.7,9+,Photo & Video,37,5,11,1
5826,1051141720,InsPad - Instagram for iPad,14870528,USD,4.99,64,17,3.5,4,4,4+,Social Networking,37,5,1,1
9932,1142803226,Visionn - Real Time Artistic Photo & Video Effects,25473024,USD,1.99,64,30,4.5,4,1.3.9,4+,Photo & Video,25,5,10,1
10243,1154401422,Paintkeep - Turn Photo into Painting,31147008,USD,2.99,63,7,4.5,4,4.5,4+,Photo & Video,37,5,13,1
8241,1104655318,Littlebook - for Facebook on Watch,25890816,USD,2.99,62,16,3,2.5,2.0.1,4+,Social Networking,37,0,1,1
9470,1132473553,Funny Face Pro - 2000+ Stickers Pics Photos Editor,306835456,USD,1.99,62,12,3.5,3.5,1.8,4+,Photo & Video,37,3,1,1
2446,676201334,Kiosk Photo Transfer by Fujifilm,33662976,USD,0,58,0,3,0,2.5,4+,Photo & Video,37,0,4,1
5165,1025000402,Snug for Instagram - Preview your photos,32174080,USD,0.99,58,3,2.5,3,2.6.1,4+,Photo & Video,37,0,14,1
8080,1100723148,Pikazo C AI art that YOU control,84549632,USD,0,56,3,4,4,3.2.3,4+,Photo & Video,37,5,24,1
10887,1178472225,Mustknow - anonymous video Q&A,92884992,USD,0,53,0,1.5,0,4.0.0,12+,Social Networking,37,0,1,1
5483,1039260250,"lollicam - photo, video, and selfie camera",114951168,USD,0,51,0,3.5,0,1.71,9+,Photo & Video,37,0,17,1
6717,1071897944,File New - Photo Editor,153460736,USD,0.99,49,37,4.5,4.5,1.5,4+,Photo & Video,37,5,10,1
8221,1104124222,Ultrapic,31016960,USD,1.99,48,2,2.5,1,1.4.1,4+,Photo & Video,37,0,1,1
6159,1060333629,Focus - RAW Manual Camera with Smart Focus Peaking,36320256,USD,1.99,46,16,4,3,1.6.0,4+,Photo & Video,37,0,3,1
11010,1183234072,CTFxCmoji,26077184,USD,0,39,4,5,5,1.3,9+,Social Networking,37,1,1,1
9208,1125534178,"BeCasso C Watercolor & Oil Paintings, Comic Effect",77242368,USD,1.99,39,1,4.5,5,1.2.2,4+,Photo & Video,25,5,8,1
3057,852801905,タップルQ生 - 出会いアプリで趣味から恋活?婚活,62878720,USD,0,37,1,4.5,5,2.2.1,17+,Social Networking,37,0,2,1
1735,554050644,Touch Camera - Fast Recording and Burst,5071872,USD,1.99,36,1,1,1,2.6.6,4+,Photo & Video,37,5,3,1
703,405548206,Lobi,38540288,USD,0,36,0,4,0,9.1.5,17+,Social Networking,37,0,4,1
4715,998360879,Chain: Collaborate On MyVideo Story/Group Video,95789056,USD,0,35,0,4.5,0,3.2.5,12+,Social Networking,37,0,1,1
10750,1173954282,Mannequin Challenge Maker,4682752,USD,0.99,35,1,2,5,2.3,4+,Photo & Video,37,0,1,1
4327,974769286,Exify - Tools for Photos,8335360,USD,1.99,34,8,4,4,1.1,4+,Photo & Video,37,5,1,1
3760,935623257,infltr - Infinite Filters,132298752,USD,1.99,32,0,2.5,0,2.8.2,4+,Photo & Video,37,5,22,1
5379,1035219562,Analog Paris,27561984,USD,0.99,32,32,4.5,4.5,1.0.7,4+,Photo & Video,43,5,5,1
4409,979540312,Northern Lights Photo Taker,9326592,USD,0.99,29,29,4,4,1,4+,Photo & Video,37,2,1,1
10501,1164423068,Feelca B&W,51673088,USD,0.99,26,1,3,1,1.4.7,4+,Photo & Video,37,0,4,1
3630,923873989,CreamCam+ auto selfie enhancer,47947776,USD,1.99,25,0,3.5,0,4.03,4+,Photo & Video,37,3,33,1
9817,1140040414,LOOKS - Real Makeup Camera,73741312,USD,0,25,2,3.5,2,1.3.4,4+,Photo & Video,37,4,8,1
4435,981437721,BabyMaker: Funny Baby Face out of Parents' Pictures - Make a Photo Collage!,65159168,USD,0.99,24,24,1.5,1.5,1,4+,Photo & Video,38,5,1,1
2833,793157344,feather for Twitter,66388992,USD,2.99,22,0,4.5,0,3.7.0,17+,Social Networking,37,0,3,1
2766,771433054,Date & Time Photo Stamp,618496,USD,0.99,21,21,2.5,2.5,1,4+,Photo & Video,38,1,1,1
5070,1021091295,C CHANNEL -Watch tips & tricks videos for girls,58049536,USD,0,21,0,5,0,2.6.8,12+,Photo & Video,37,0,8,1
5369,1034774337,"OVLA - Awesome & Creative Typography Design, Graphic Design, Photo Editing",63175680,USD,0.99,21,12,3.5,3.5,1.0.6,4+,Photo & Video,37,5,4,1
4126,961932335,Analog Tokyo,18935808,USD,0.99,19,13,4,4,1.0.7,4+,Photo & Video,43,5,5,1
4546,988396858,花椒直播-高清美颜直播互动平台,174611456,USD,0,19,0,3,0,3.9.12,17+,Social Networking,37,0,4,1
6114,1059442774,GeometriCam - abstract geometric design in real-time,23003136,USD,2.99,17,6,4.5,3,1.2,4+,Photo & Video,37,0,1,1
7038,1078412469,AirParrot Remote,20189184,USD,7.99,17,9,2.5,2,1.1,4+,Photo & Video,37,5,1,1
3029,847347016,in-capturing moments in life,147728384,USD,0,16,0,4,0,3.1.0,12+,Photo & Video,38,0,3,1
5096,1021988466,狼人之夜,30931968,USD,0.99,15,3,4.5,5,1.3.3,12+,Social Networking,37,5,1,1
10932,1180103898,Everfilter - transform your photos into artworks,49449984,USD,0,15,3,3.5,2.5,1.1.3,4+,Photo & Video,37,0,7,1
4600,991626372,Snapshot Cam - Draw on Pictures & Add Text to Photos,109117440,USD,2.99,14,1,5,5,1.4,4+,Photo & Video,37,5,31,1
8019,1099092384,VR Viewer,45782016,USD,0.99,14,9,3,2.5,1.1.2,4+,Photo & Video,37,2,2,1
7856,1095581857,ひみつの出会い探しはバクアイ-o料の出会いチャットアプリで友_作り,8456192,USD,0,13,5,5,5,1.6,17+,Social Networking,37,0,1,1
3361,898788946,Clipstro - auto strobe motion video creator,25996288,USD,3.99,12,0,3,0,3.1.5,4+,Photo & Video,38,1,12,1
10964,1181025437,Demi Lovato Stickers,88388608,USD,0.99,12,8,3.5,3.5,1.1,12+,Social Networking,37,0,1,1
7809,1094370858,Cleanz - Clean up Your Photo Library,12622848,USD,1.99,12,0,3.5,0,1.1,4+,Photo & Video,37,0,9,1
9557,1134086133,GoSnaps - Share Screenshots for Pokémon GO,6919168,USD,0,12,1,4,2,1.2.0,12+,Photo & Video,37,1,1,1
9723,1137613553,CR7Selfie,86294528,USD,1.99,12,0,5,0,1.2,4+,Photo & Video,37,0,1,1
4475,983613658,M Cam - Manual controls & custom exposure camera,15116288,USD,1.99,11,5,3.5,3.5,1.1,4+,Photo & Video,37,0,6,1
1736,554064861,Jメ`ル 出会える人荬文涿SNS出会い系アプリ,27784192,USD,0,11,0,3.5,0,3.3.1,17+,Social Networking,37,0,2,1
1330,492671847,NightShooting,28900352,USD,0,9,0,2.5,0,3.1,4+,Photo & Video,38,3,2,1
8775,1116320580,"自动证件照 - 智能证件照相机美图美颜编辑,制作学生证件照",9305088,USD,0.99,9,8,3,3,2.2,4+,Photo & Video,38,0,1,1
4609,992047786,Analog Wedding,18767872,USD,0.99,8,6,4,3.5,1.0.7,4+,Photo & Video,43,5,5,1
5378,1035219553,Analog London,18984960,USD,0.99,7,7,5,5,1.0.7,4+,Photo & Video,43,5,5,1
3117,867887231,botman - Real time video chat,86319104,USD,0,7,0,3,0,2017.5.1,17+,Social Networking,37,5,2,1
7468,1087422283,Akuarella,99978240,USD,1.99,7,7,5,5,1.2.1,17+,Photo & Video,37,4,2,1
734,409299054,SecurityCam for iPhone,10469376,USD,0.99,6,1,1,1,1.131,4+,Photo & Video,39,0,2,1
2696,747779910,MixChannel,109877248,USD,0,6,0,4,0,5.0.5,17+,Photo & Video,37,0,29,1
5380,1035220162,Analog Budapest,19247104,USD,0.99,6,6,4.5,4.5,1.0.7,4+,Photo & Video,43,5,5,1
2648,733144873,秀色秀场-网红直播 聊天交友,88574976,USD,0,6,0,2.5,0,8.0.8,17+,Social Networking,37,0,2,1
2439,674385418,Automo Camera,16912384,USD,0.99,5,1,4.5,3,2.54,4+,Photo & Video,40,5,2,1
7073,1079094909,Custom Cam,17545216,USD,1.99,5,0,1.5,0,2.0.3,4+,Photo & Video,37,0,1,1
5759,1048899002,Simple Camera - Fast Minimal Design,74435584,USD,0,3,3,5,5,3.0.1,4+,Photo & Video,37,5,2,1
7567,1089386287,非诚勿扰-中国最大免费婚恋交友平台,12932096,USD,0,3,3,3.5,3.5,5.6.0,17+,Social Networking,38,0,1,1
6248,1062307524,Lightsaber Camera,16411648,USD,0.99,2,2,4,4,1.1.1,4+,Photo & Video,40,0,2,1
7826,1094744773,"SwapperFace - Face Swap Free, Live Mask Effects",117949440,USD,0,2,2,4.5,4.5,1.2,9+,Photo & Video,37,0,11,1
4940,1013551921,Video Smith - A Powerful video editing tool set,39056384,USD,0,1,1,5,5,1.2,4+,Photo & Video,37,0,2,1
5183,1026717130,病みカワカメラ,42884096,USD,0,1,1,5,5,1.0.6,12+,Photo & Video,38,0,1,1
6371,1065354746,Video speed editor - VBooster,46454784,USD,0,1,1,1,1,2.2,4+,Photo & Video,37,1,1,1
6701,1071516797,"DSLR Lens Kit ,RAW files and Dual-lens supported",2689024,USD,1.99,1,1,4,4,1.2.3,4+,Photo & Video,37,0,2,1
4194,966099615,ピグパ`ティ - きせかえ?アバタ`でSしむト`クアプリ,102996992,USD,0,1,1,1,1,1.28.1,4+,Social Networking,38,5,1,1
7142,1080541663,美播 - 玩不尽的真人游戏,248061952,USD,0,1,1,5,5,8.7.1,17+,Social Networking,37,4,2,1
8004,1098834577,Todrick,18373632,USD,0.99,1,1,5,5,1.1,12+,Social Networking,37,0,1,1
10288,1156413671,LINE Moments - Capture Your Fun Moments,133572608,USD,0,1,1,5,5,1.2.1,4+,Photo & Video,37,0,6,1
825,422845617,OneCam,4324352,USD,1.99,0,0,0,0,5.7.0,4+,Photo & Video,37,0,2,1
2791,777630969,FilmStory Pro - For All Your Video Editing Needs,80793600,USD,3.99,0,0,0,0,2.5,4+,Photo & Video,37,2,5,1
3188,879908394,Starry sky Camera,10113024,USD,1.99,0,0,0,0,3.2,4+,Photo & Video,37,2,2,1
3278,890722494,Instant X - Take instant-camera-like photo with double exposure and bulb mode,8614912,USD,0,0,0,0,0,1.0.4,4+,Photo & Video,40,0,1,1
3321,894225691,花火撮影 notepad Lite,73746432,USD,0,0,0,0,0,2.4.7,4+,Photo & Video,38,0,1,1
3354,897880328,EOPAN,34338816,USD,0,0,0,0,0,2.2.0,4+,Photo & Video,37,1,2,1
3429,906388170,StageCameraPro - Manners video and photo,3661824,USD,1.99,0,0,0,0,2.5.0,4+,Photo & Video,35,0,2,1
3502,912177018,StageCameraHD,7755776,USD,0,0,0,0,0,2.7.1,4+,Photo & Video,35,0,2,1
3674,928359827,MeiCam -  Video Production Master,133684224,USD,0,0,0,0,0,2.6.3,4+,Photo & Video,38,5,2,1
3739,933687137,年R状2018｜おしゃれなスマホで写真年R状2018,76815360,USD,0,0,0,0,0,5.5.0,4+,Photo & Video,38,0,2,1
3912,948090890,MoonCatcher,8497152,USD,0.99,0,0,0,0,11,4+,Photo & Video,37,0,2,1
4646,994046673,伙星 - 随手拍出明星一样的MV,118812672,USD,0,0,0,0,0,3.5.2,12+,Photo & Video,37,0,3,1
5148,1024395159,myINK sketch,90249216,USD,2.99,0,0,0,0,3.2.6,17+,Photo & Video,38,1,1,1
5222,1028791881,Photograph+,23192576,USD,0.99,0,0,0,0,1.4,4+,Photo & Video,37,0,31,1
5836,1051411202,Pictalive for Live Photos - Create from videos,26969088,USD,0,0,0,0,0,1.2,4+,Photo & Video,37,0,2,1
5932,1054297141,lにもバレない！[秘密のアルバム]　o料で写真をロック！,17935360,USD,0,0,0,0,0,1.0.1,17+,Photo & Video,37,0,8,1
6870,1075068419,"BlurEffect-Blur Photo & Video, Hide Face",43022336,USD,0,0,0,0,0,1.1.1,4+,Photo & Video,37,5,14,1
6906,1076211312,PROF - 共通点でSしむSNS,119186432,USD,0,0,0,0,0,5.1,17+,Photo & Video,37,5,0,1
629,394342281,Bowitter for iPhone,3174400,USD,0.99,0,0,0,0,1.5.0,4+,Social Networking,43,0,2,1
654,398166286,出会い系アプリ i-Mail（アイメ`ル）,3833856,USD,0,0,0,0,0,2.1.2,17+,Social Networking,43,0,1,1
7523,1088568893,Masks - MSQRD Edition,13214720,USD,0.99,0,0,0,0,1.0.1,9+,Photo & Video,37,0,1,1
1795,562162550,ライブチャット、ビデオチャット通がSしめる！ ライブでゴ`ゴ`,32168960,USD,0,0,0,0,0,4.9,17+,Social Networking,40,4,16,1
3236,886059850,Love Msg,9677824,USD,0.99,0,0,0,0,2.8,4+,Social Networking,37,0,3,1
3371,899538562,HONNE -本音が言える匿名つぶやき&チャットアプリ,61312000,USD,0,0,0,0,0,3.3.4,17+,Social Networking,37,0,1,1
3816,940401053,暇ならそう！lでもせて友_も作れる「KoeTomo」,77717504,USD,0,0,0,0,0,3.4.3,17+,Social Networking,37,0,2,1
3938,949817566,出会いo料のチャット魇景 LINK,26204160,USD,0,0,0,0,0,2.2.0,17+,Social Networking,37,0,2,1
4874,1010174792,一言-记录字句，发现共鸣,32125952,USD,0.99,0,0,0,0,2.2.2,12+,Social Networking,38,0,2,1
4893,1011114397,BestieBox,48274432,USD,0,0,0,0,0,3.2.1,4+,Social Networking,37,0,5,1
5271,1031164407,おチャベリ-ビデオ通でマッチングアプリ,66080768,USD,0,0,0,0,0,2.7,17+,Social Networking,40,4,1,1
5319,1033049320,出会い暝チャットアプリLIKE YOU,10225664,USD,0,0,0,0,0,1.9,17+,Social Networking,37,0,1,1
5988,1056011241,MATCH ON LINE chat,9462784,USD,0,0,0,0,0,1.3,17+,Social Networking,37,0,1,1
6543,1068353024,同城爱约会-单身男女约会神器,24373248,USD,0,0,0,0,0,2.0.0,17+,Social Networking,37,0,2,1
6558,1068460848,bit-tube - Live Stream Video Chat,44632064,USD,0,0,0,0,0,1.3,12+,Social Networking,37,0,2,1
6613,1069757703,友_ 恋人探し であい ちゃっと sns -ギャルとも,35565568,USD,0,0,0,0,0,1.1.1,17+,Social Networking,37,0,1,1
6674,1071039429,マッチング チャット - マッチング&恋人探しチャット,39368704,USD,0,0,0,0,0,1.1.1,17+,Social Networking,37,0,1,1
6676,1071045817,出会い秘密チャット - 相席 出会い系チャット,12906496,USD,0,0,0,0,0,1.1.1,17+,Social Networking,37,0,1,1
6819,1073811368,大人の出会いチャット  - 出会い系 アプリ,15011840,USD,0,0,0,0,0,1.1.1,17+,Social Networking,37,0,1,1
7045,1078542442,FixYou-o料でチャットト`クができるSNSマッチングアプリ,44669952,USD,0,0,0,0,0,2.0.0,17+,Social Networking,37,0,2,1
7573,1089516052,洋葱圈―正经人的不正经聊天工具,101316608,USD,0,0,0,0,0,2.7.1,12+,Social Networking,37,5,1,1
7606,1090636013,出会い系o料で[べるsnsアプリ内wチャットト`ク,14261248,USD,0,0,0,0,0,1,17+,Social Networking,40,0,1,1
7672,1091891746,陌爱神器-不闲聊！陌生人快速约见面平台,44841984,USD,0,0,0,0,0,1.9.0,17+,Social Networking,38,5,1,1
9056,1122366064,CelebrityDiagnosis!,13968384,USD,0,0,0,0,0,1.0.2,4+,Photo & Video,37,0,2,1
7857,1095583219,【完全o料】おとな用！出会い魇景,3217408,USD,0,0,0,0,0,1.0.2,17+,Social Networking,37,0,0,1
7918,1096964165,【完全o料】ソク出会える！ひみつフレ探し魇景,13287424,USD,0,0,0,0,0,1,17+,Social Networking,37,0,1,1
9488,1132774393,Light+ AnalogCam,47337472,USD,0.99,0,0,0,0,1,4+,Photo & Video,37,0,31,1
7951,1097492828,NOW直播―腾讯旗下全民直播平台,113596416,USD,0,0,0,0,0,1.11.1,17+,Social Networking,37,0,1,1
8056,1100160696,BiBi娱乐社区 - 好玩的游戏都在这里！,50778112,USD,0,0,0,0,0,3,17+,Social Networking,38,0,1,1
8560,1112071865,派派激情版-寂陌陌声人交友神器,50076672,USD,0,0,0,0,0,2.5.0,17+,Social Networking,38,0,1,1
10381,1160086118,"Emojil - original emoji stamp, decoration camera",47948800,USD,0,0,0,0,0,1.2.1,4+,Photo & Video,37,0,4,1
8669,1114288419,视吧-全民手机直播,170616832,USD,0,0,0,0,0,2.6,17+,Social Networking,37,0,2,1
10588,1169325682,Bestshot: Take Clear Photos Automatically & Easily,24675328,USD,0.99,0,0,0,0,2.0.2,4+,Photo & Video,37,0,2,1
8814,1116880272,マッチングならSecret- 友_?恋人探しSNS,34893824,USD,0,0,0,0,0,1.2,17+,Social Networking,37,5,1,1
9042,1121967198,ゲ`ム攻略「SGGP」魇景濉SNSな友_出会い,22735872,USD,0,0,0,0,0,1.1.1,9+,Social Networking,38,0,2,1
9108,1123499004,"求恋爱 专业版-高端恋爱相亲婚恋交友神器,同城寂寞单身男女聊天约会找对象平台",46567424,USD,0.99,0,0,0,0,2.0.0,17+,Social Networking,38,0,1,1
10101,1148502570,niconico ch,55334912,USD,0,0,0,0,0,1.0.9,17+,Social Networking,37,0,2,1
10656,1171367187,LINE BLOG,101159936,USD,0,0,0,0,0,1.5.0,12+,Social Networking,37,0,1,1
11040,1185538497,camera for filter,9362432,USD,0,0,0,0,0,1.0.3,4+,Photo & Video,37,0,1,1
